﻿Paper,📗 Species,📍,Paper_read,Contacted,Video_download,Title,Prey,👀 Observations citizen,🙂 Contacts,Date,Species name in the article if different,Common_name,Species_repartition,Approx_lat,Approx_long,Level-of-evidence
"Ayling and Grace 1971 ",Coris sandeyeri (https://www.notion.so/Coris-sandeyeri-28f5a8361d884afeb5b9c756e6599e72?pvs=21),Goat Island Bay near Leigh. New Zealand. Southwest Pacific Ocean,✔,...,In progress,Cleaning symbiosis among New Zealand fishes,Isopod,,Tony Ayling (https://www.notion.so/Tony-Ayling-1912b11e49934028832ae91a39cfc5be?pvs=21),1971,Coris sandageri,Sandager's wrasse,Southwest Pacific,-36.27,174.8,Description in a paper on another subject
Bernardi 2012,Choerodon anchorago (https://www.notion.so/Choerodon-anchorago-e7388ebef227402fbe4f5601d3a304ea?pvs=21),Palau. Micronesia. West Pacific Ocean,✔,✔,✔,The use of tools by wrasses (Labridae),Bivalve,,,2012,,Orange-dotted tuskfish,Indo-West Pacific,7.5,134.5,Video of one individual at a single location
Carvalho-Filho 1993,Halichoeres poeyi (https://www.notion.so/Halichoeres-poeyi-493feed590464560a36bf33235cb466e?pvs=21),Meros Island. Brazil. West Atlantic Ocean,✔,✔,No video,Peixes Costa Brasileira,crab,"Halichoeres poeyi — literature Carvalho-Filho 1993 (https://www.notion.so/Halichoeres-poeyi-literature-Carvalho-Filho-1993-7ce771c63bd94fd99b7d893137490f75?pvs=21), Halichoeres penrosei — literature Alfredo Carvalho-Filho (https://www.notion.so/Halichoeres-penrosei-literature-Alfredo-Carvalho-Filho-29e1c0e5726a4454be9c9a48e800efc7?pvs=21)",Alfredo Carvalho-Filho (https://www.notion.so/Alfredo-Carvalho-Filho-f279e425a730420bb5909601f49bec5c?pvs=21),1999,,Blackear wrasse,Western Atlantic,-23.22,-44.1,Description in a paper on another subject
Coyer 1995,Halichoeres garnoti (https://www.notion.so/Halichoeres-garnoti-98321ae724604666872cd6a8b8b842d3?pvs=21),Conch Reef. USA. West Atlantic Ocean,✔,✔,Not asked,"Use of a rock as an anvil for breaking scallops by the yellowhead wrasse, Halichoeres garnoti (Labridae)",Bivalve,Halichoeres garnoti — literature Jim Coyer 1995 (https://www.notion.so/Halichoeres-garnoti-literature-Jim-Coyer-1995-01766adce0804b70998429ba1e99d35b?pvs=21),Jim Coyer (https://www.notion.so/Jim-Coyer-4a075c4353a642f984abf6a62a36629a?pvs=21),1995,,Yellowhead wrasse,Western Atlantic,24.95,-80.47,Description in a paper on anvil use
Dunn 2016,Semicossyphus pulcher (https://www.notion.so/Semicossyphus-pulcher-e41d6e97eaee4c04914e49600a49548d?pvs=21),Point Loma. USA. East Pacific Ocean,✔,✔,✔,"Tool use by a temperate wrasse, California sheephead Semicossyphus pulcher",Sea urchin,,Robert Dunn (https://www.notion.so/Robert-Dunn-24b57d5c1cf04fdfa994e1616946442d?pvs=21),2016,,California sheephead,Eastern Pacific,32.67,-117.24,Video of multiple individuals at a single location
Fricke 1971,Cheilinus lunuatus (https://www.notion.so/Cheilinus-lunuatus-a1f1ab3c3a1e46f09ae59a1a44be4313?pvs=21),Eilat. Israel. Red Sea,✔,Impossible,Impossible,Fische als Feinde tropischer Seeigel — Fish as enemies of tropical sea urchins,Sea urchin,,,1971,,Broomtail wrasse,Western Indian Ocean,29.55,34.95,Description in a paper on another subject
Fricke 1971  — Coris aygula,Coris aygula (https://www.notion.so/Coris-aygula-98445d389f9e408f9d1ee5e94cad65f6?pvs=21),Eilat. Israel. Red Sea,✔,Impossible,Impossible,Fische als Feinde tropischer Seeigel — Fish as enemies of tropical sea urchins,Sea urchin,,,1971,"Coris angulata ",Clown coris,Indo-Pacific,29.55,34.95,Description in a paper on another subject
Fricke 1971 — Cheilinus fasciatus,Cheilinus fasciatus (https://www.notion.so/Cheilinus-fasciatus-1354447525cf412da4e6dea957e13a71?pvs=21),Eilat. Israel. Red Sea,✔,Impossible,Impossible,Fische als Feinde tropischer Seeigel — Fish as enemies of tropical sea urchins,Sea urchin,,,1971,,Red-breasted wrasse,Indo-Pacific,29.55,34.95,Description in a paper on another subject
Fricke 1973 — Cheilinus trilobatus,Cheilinus trilobatus (https://www.notion.so/Cheilinus-trilobatus-d89bbab67d6440089e67ef36b568960b?pvs=21),Eilat. Israel. Red Sea,✔,Impossible,Impossible,Behaviour as part of ecological adaptation,Sea urchin,,,1973,,Tripletail wrasse,Indo-Pacific,29.55,34.95,Description in a paper on another subject
Fricke 1973 — Coris aygula,Coris aygula (https://www.notion.so/Coris-aygula-98445d389f9e408f9d1ee5e94cad65f6?pvs=21),Eilat. Israel. Red Sea,✔,Impossible,Impossible,Behaviour as part of ecological adaptation,Sea urchin,,,1973,Coris angulata,Clown coris,Indo-Pacific,29.55,34.95,Description in a paper on another subject
Harbone & Tholan 2016,Choerodon cyanodus (https://www.notion.so/Choerodon-cyanodus-cbb8617f4d1542ca9b2d253f766f73f0?pvs=21),Heron Island. Australia. West Pacific Ocean,✔,✔,✔,Tool use by Choerodon cyanodus when handling vertebrate prey,Juvenile turtle,,,2016,,Blue tuskfish,Indo-West Pacific,-23.44,151.91,Video of one individual at a single location
Hazlett & McLay 2000,Pseudolabrus miles (https://www.notion.so/Pseudolabrus-miles-7fd7cc10cd0c40618e7e02018b902ece?pvs=21),Aquarium,✔,...,In progress,Contingencies in the behaviour of the crab Heterozius rotundifrons,Crab,,,2000,,Scarlet wrasse,Southwest Pacific,,,Description in a paper on another subject
Heiser 1981,Thalassoma lutescens (https://www.notion.so/Thalassoma-lutescens-978ad055049b410f93adcb41d7708107?pvs=21),Unknown,✔,...,Not asked,Review of Labrid Genus Thalassoma,Unknown,,John Heiser (https://www.notion.so/John-Heiser-4810a5634e7c4d5180c159d7a2ef9254?pvs=21),1981,,Yellow-brown wrasse,Indo-Pacific,,,Description in a paper on another subject
Jaishankar et al. 2024 — Halichoeres hortulanus,Halichoeres hortulanus (https://www.notion.so/Halichoeres-hortulanus-3fc1a0bd64b348d28261b7b886fab2d0?pvs=21),Lakshadweep Archipelago. India. Indian Ocean,✔,✔,✔,"Anvil use by three wrasse species: Halichoeres hortulanus, Thalassoma jansenii, and Thalassoma lunare",Sea urchin,"Thalassoma jansenii — Siddhi & Rohan (https://www.notion.so/Thalassoma-jansenii-Siddhi-Rohan-910a8616e0f04377a664cf12057823c1?pvs=21), Halichoeres hortulanus — Siddhi & Rohan (https://www.notion.so/Halichoeres-hortulanus-Siddhi-Rohan-f7a4540e3cbd41c1a4672d47baa3e998?pvs=21)",Siddhi Jaishankar & Rohan Arthur (https://www.notion.so/Siddhi-Jaishankar-Rohan-Arthur-8a55afd8cd7b4a8f873f1553d66c26b9?pvs=21),2024,,Checkerboard wrasse,Indo-Pacific,10.57,72.63,Video of multiple individuals at a single location
Jaishankar et al. 2024 — Thalassoma jansenii,Thalassoma jansenii (https://www.notion.so/Thalassoma-jansenii-46063fa80cce449ca4f2852a4b99f07f?pvs=21),Lakshadweep Archipelago. India. Indian Ocean,✔,✔,✔,"Anvil use by three wrasse species: Halichoeres hortulanus, Thalassoma jansenii, and Thalassoma lunare",Sea urchin,"Thalassoma jansenii — Siddhi & Rohan (https://www.notion.so/Thalassoma-jansenii-Siddhi-Rohan-910a8616e0f04377a664cf12057823c1?pvs=21), Halichoeres hortulanus — Siddhi & Rohan (https://www.notion.so/Halichoeres-hortulanus-Siddhi-Rohan-f7a4540e3cbd41c1a4672d47baa3e998?pvs=21)",Siddhi Jaishankar & Rohan Arthur (https://www.notion.so/Siddhi-Jaishankar-Rohan-Arthur-8a55afd8cd7b4a8f873f1553d66c26b9?pvs=21),2024,,Jansen's wrasse,Indo-West Pacific,10.57,72.63,Video of multiple individuals at a single location
Jaishankar et al. 2024 — Thalassoma lunare,Thalassoma lunare (https://www.notion.so/Thalassoma-lunare-5d3f655451e04ca5a49d4bdcfd938978?pvs=21),Lakshadweep Archipelago. India. Indian Ocean,✔,✔,✔,"Anvil use by three wrasse species: Halichoeres hortulanus, Thalassoma jansenii, and Thalassoma lunare",Sea urchin,"Thalassoma jansenii — Siddhi & Rohan (https://www.notion.so/Thalassoma-jansenii-Siddhi-Rohan-910a8616e0f04377a664cf12057823c1?pvs=21), Halichoeres hortulanus — Siddhi & Rohan (https://www.notion.so/Halichoeres-hortulanus-Siddhi-Rohan-f7a4540e3cbd41c1a4672d47baa3e998?pvs=21)",Siddhi Jaishankar & Rohan Arthur (https://www.notion.so/Siddhi-Jaishankar-Rohan-Arthur-8a55afd8cd7b4a8f873f1553d66c26b9?pvs=21),2024,,Moon wrasse,Indo-Pacific,10.57,72.63,Video of one individual at a single location
"Jones, Brown and Gardner 2011",Choerodon schoenleinii (https://www.notion.so/Choerodon-schoenleinii-8939234ab32544c7bfba60d28aaaf627?pvs=21),Keppel region. Australia. West Pacific Ocean,✔,Impossible,Not asked,Tool use in the tuskfish Choerodon schoenleinii?,Bivalve,,,2011,,Blackspot tuskfish,Indo-West Pacific,-23.15,150.95,Pictures of one individual at a single location
Pasko 2010 — Thalassoma hardwicke,Thalassoma hardwicke (https://www.notion.so/Thalassoma-hardwicke-d7d1d610407c4ba59604a9e5b49280a8?pvs=21),Aquarium,✔,✔,✔,"Tool-Like Behavior in the Sixbar Wrasse, Thalassoma hardwicke",Big food pellet,,Łukasz Paśko (https://www.notion.so/ukasz-Pa-ko-a1fb00965ae0480f97daaaa8ea42a077?pvs=21),2010,,Sixbar wrasse,Indo-Pacific,,,Video of one individual at a single location
Pasko 2010 — Thalassoma lunare,Thalassoma lunare (https://www.notion.so/Thalassoma-lunare-5d3f655451e04ca5a49d4bdcfd938978?pvs=21),Aquarium,✔,✔,No video,"Tool-Like Behavior in the Sixbar Wrasse, Thalassoma hardwicke",Big food pellet,,Łukasz Paśko (https://www.notion.so/ukasz-Pa-ko-a1fb00965ae0480f97daaaa8ea42a077?pvs=21),2010,,Moon wrasse,Indo-Pacific,,,Description in a paper on anvil use
Phillips 1964,Lachnolaimus maximus (https://www.notion.so/Lachnolaimus-maximus-0517523a26c341e4ab9e698e3f234006?pvs=21),Florida Keys. USA. West Atlantic Ocean,✔,Dead ⚰,No video,The Captive Sea,Sea urchin,,,1964,,Hogfish,Western Atlantic,24.55,-81.78,Description in a paper on another subject
Pryor & Milton 2019,Choerodon graphicus (https://www.notion.so/Choerodon-graphicus-0c2e7e096fcc44e79cbd04d1522c8b81?pvs=21),Ilot Maitre. New Caledonia. West Pacific Ocean,✔,✔,✔,Tool use by the graphic tuskfish Choerodon graphicus,Bivalve,,Kimberley Pryor (https://www.notion.so/Kimberley-Pryor-a29454217f71470ea0f4d2c55dcdf560?pvs=21),2019,,Graphic tuskfish,Western Pacific,-22.3,166.43,Video of multiple individuals at a single location
Pryor & Milton 2021,Choerodon graphicus (https://www.notion.so/Choerodon-graphicus-0c2e7e096fcc44e79cbd04d1522c8b81?pvs=21),Ilot Maitre. New Caledonia. West Pacific Ocean,✔,✔,✔,Multi-species fish foraging associations during tool use by the graphic tuskfish Choerodon graphicus (De Vis 1885) (Labridae),Hard-shelled molluscs,,Kimberley Pryor (https://www.notion.so/Kimberley-Pryor-a29454217f71470ea0f4d2c55dcdf560?pvs=21),2021,,Graphic tuskfish,Western Pacific,-22.3,166.43,Video of multiple individuals at a single location
Pryor & Milton 2023,Choerodon graphicus (https://www.notion.so/Choerodon-graphicus-0c2e7e096fcc44e79cbd04d1522c8b81?pvs=21),"Ile aux Canards, Ilot Maitre, Ilot Amedee. New Caledonia. West Pacific Ocean",✔,No need,✔,"Tool use involving a different prey type, microhabitat and location, and long-term anvil use, by the graphic tuskfish Choerodon graphicus",Sea urchin,,Kimberley Pryor (https://www.notion.so/Kimberley-Pryor-a29454217f71470ea0f4d2c55dcdf560?pvs=21),2023,,Graphic tuskfish,Western Pacific,-22.3,166.43,Videos of multiple individuals at different locations
Pryor 2020,Choerodon graphicus (https://www.notion.so/Choerodon-graphicus-0c2e7e096fcc44e79cbd04d1522c8b81?pvs=21),Ilot Maitre. New Caledonia. West Pacific Ocean,✔,✔,✔,Frequent visits to various anvils during tool use by the graphic tuskfish Choerodon graphicus (Labridae),Hard-shelled molluscs,,Kimberley Pryor (https://www.notion.so/Kimberley-Pryor-a29454217f71470ea0f4d2c55dcdf560?pvs=21),2020,,Graphic tuskfish,Western Pacific,-22.3,166.43,Video of multiple individuals at a single location
Pryor 2022 — Coris bulbifrons,Coris bulbifrons (https://www.notion.so/Coris-bulbifrons-f201a3c53d884f04973c8fbefa756305?pvs=21),Lord Howe Island. Australia. West Pacific Ocean,✔,✔,✔,Tool use by the orange wrasse Pseudolabrus luculentus and doubleheader Coris bulbifrons,Crab,,Kimberley Pryor (https://www.notion.so/Kimberley-Pryor-a29454217f71470ea0f4d2c55dcdf560?pvs=21),2022,,Doubleheader,Southwest Pacific,-31.55,159.08,Video of one individual at a single location
Pryor 2022 — Pseudolabrus luculentus,Pseudolabrus luculentus (https://www.notion.so/Pseudolabrus-luculentus-69840d1d080b4fb4bf09f0da07877bd1?pvs=21),Lord Howe Island. Australia. West Pacific Ocean,✔,✔,✔,Tool use by the orange wrasse Pseudolabrus luculentus and doubleheader Coris bulbifrons,Crab,,Kimberley Pryor (https://www.notion.so/Kimberley-Pryor-a29454217f71470ea0f4d2c55dcdf560?pvs=21),2022,,Orange wrasse,Southwest Pacific,-31.55,159.08,Video of one individual at a single location
Sala 1997 — Coris julis,Coris julis (https://www.notion.so/Coris-julis-041c62619f344c26ab348128e62dc785?pvs=21),"Scandola. France; Cabrera, Medes Islands. Spain; Mediterranean sea",✔,...,No video,Fish predators and scavengers of the sea urchin Paracentrotus lividus in protected areas of the north-west Mediterranean Sea,Sea urchin,,,1997,,Mediterranean rainbow wrasse,"Eastern Atlantic,Mediterranean",42.39,8.59,Description in a paper on another subject
Sala 1997 — Thalassoma pavo,Thalassoma pavo (https://www.notion.so/Thalassoma-pavo-45321b34ce1c46e39f1164d9bd81dc1b?pvs=21),Cabrera. Spain. Mediterranean sea Sea,✔,...,No video,Fish predators and scavengers of the sea urchin Paracentrotus lividus in protected areas of the north-west Mediterranean Sea,Sea urchin,,,1997,,Ornate wrasse,"Eastern Atlantic,Mediterranean",39.14,3.16,Description in a paper on another subject
Tribble 1982,Coris dorsomacula (https://www.notion.so/Coris-dorsomacula-d50501c87c1a47d5ac0f18592ceb2c2a?pvs=21),Miyake Island. Japan. Philippine Sea,✔,...,No video,"Social organization, patterns of sexuality, and behavior of the wrasse Coris dorsomacuIata at Miyake-jima, Japan",Unknown,,Gordon Tribble (https://www.notion.so/Gordon-Tribble-7166df0435c84d90ad07c6730cd75171?pvs=21),1982,,Pale-barred coris,Western Pacific,34.08,139.48,Description in a paper on another subject
Wainwright 1998 — Halichoeres bivittatus,Halichoeres bivittatus (https://www.notion.so/Halichoeres-bivittatus-388fec9545104e2d9663ccaa29fd8dbd?pvs=21),Carrie Bow Cay. Belize. Caribbean Sea," "," ",No video,Morphology and Ecology: Functional Basis of Feeding Constraints in Caribbean Labrid Fishes,Crab,"Halichoeres maculipinna — literature Wainwright 1998 (https://www.notion.so/Halichoeres-maculipinna-literature-Wainwright-1998-ef0eacc6c4714213994e3d7c6e48ded3?pvs=21), Halichoeres bivittatus — literature Wainwright 1998 (https://www.notion.so/Halichoeres-bivittatus-literature-Wainwright-1998-53c3291736b342ef878cdba59e14030c?pvs=21), Halichoeres garnoti — literature Wainwright 1998 (https://www.notion.so/Halichoeres-garnoti-literature-Wainwright-1998-63f933f474344d6b90b48c8c1e67f83e?pvs=21)",Peter Wainwright (https://www.notion.so/Peter-Wainwright-b039cf71130641a4a58ccbe6b059413c?pvs=21),1988,,Slippery dick,Western Atlantic,16.8,-88.1,Description in a paper on another subject
Wainwright 1998 — Halichoeres garnoti,Halichoeres garnoti (https://www.notion.so/Halichoeres-garnoti-98321ae724604666872cd6a8b8b842d3?pvs=21),Carrie Bow Cay. Belize. Caribbean Sea," "," ",No video,Morphology and Ecology: Functional Basis of Feeding Constraints in Caribbean Labrid Fishes,Crab,"Halichoeres maculipinna — literature Wainwright 1998 (https://www.notion.so/Halichoeres-maculipinna-literature-Wainwright-1998-ef0eacc6c4714213994e3d7c6e48ded3?pvs=21), Halichoeres bivittatus — literature Wainwright 1998 (https://www.notion.so/Halichoeres-bivittatus-literature-Wainwright-1998-53c3291736b342ef878cdba59e14030c?pvs=21), Halichoeres garnoti — literature Wainwright 1998 (https://www.notion.so/Halichoeres-garnoti-literature-Wainwright-1998-63f933f474344d6b90b48c8c1e67f83e?pvs=21)",Peter Wainwright (https://www.notion.so/Peter-Wainwright-b039cf71130641a4a58ccbe6b059413c?pvs=21),1988,,Yellowhead wrasse,Western Atlantic,16.8,-88.1,Description in a paper on another subject
Wainwright 1998 — Halichoeres maculipinna,Halichoeres maculipinna (https://www.notion.so/Halichoeres-maculipinna-469a18e468504792bb2c9f99abc9d2a9?pvs=21),Carrie Bow Cay. Belize. Caribbean Sea," "," ",No video,Morphology and Ecology: Functional Basis of Feeding Constraints in Caribbean Labrid Fishes,Crab,"Halichoeres maculipinna — literature Wainwright 1998 (https://www.notion.so/Halichoeres-maculipinna-literature-Wainwright-1998-ef0eacc6c4714213994e3d7c6e48ded3?pvs=21), Halichoeres bivittatus — literature Wainwright 1998 (https://www.notion.so/Halichoeres-bivittatus-literature-Wainwright-1998-53c3291736b342ef878cdba59e14030c?pvs=21), Halichoeres garnoti — literature Wainwright 1998 (https://www.notion.so/Halichoeres-garnoti-literature-Wainwright-1998-63f933f474344d6b90b48c8c1e67f83e?pvs=21)",Peter Wainwright (https://www.notion.so/Peter-Wainwright-b039cf71130641a4a58ccbe6b059413c?pvs=21),1988,Halichoeres maculipinna,Clown wrasse,Western Atlantic,16.8,-88.1,Description in a paper on another subject
Wirtz & Diesel 1983 — Coris julis,Coris julis (https://www.notion.so/Coris-julis-041c62619f344c26ab348128e62dc785?pvs=21),Banyuls sur mer. France. Mediterranean sea,✔,✔,Not asked,"The Social Structure of Inachus phalangium, a Spider Crab Associated with the Sea Anemone Anemonia sulcata",Crab,,Peter Wirtz (https://www.notion.so/Peter-Wirtz-e19460cc3db84745928f293283f86e0d?pvs=21),1983,,Mediterranean rainbow wrasse,"Eastern Atlantic,Mediterranean",42.48,3.13,Description in a paper on another subject
Wirtz & Diesel 1983 — Symphodus mediterraneus,Symphodus mediterraneus (https://www.notion.so/Symphodus-mediterraneus-de479854050f4070be1fb8ee15e0c93d?pvs=21),Banyuls sur mer. France. Mediterranean sea,✔,✔,Not asked,"The Social Structure of Inachus phalangium, a Spider Crab Associated with the Sea Anemone Anemonia sulcata",Crab,,Peter Wirtz (https://www.notion.so/Peter-Wirtz-e19460cc3db84745928f293283f86e0d?pvs=21),1983,Crenilabrus mediterraneus,Axillary wrasse,"Eastern Atlantic,Mediterranean",42.48,3.13,Description in a paper on another subject
Wirtz 1996,Coris julis (https://www.notion.so/Coris-julis-041c62619f344c26ab348128e62dc785?pvs=21),Banyuls sur mer. France. Mediterranean sea,✔,✔,Not asked,"Werkzeuggebrauch bei Lippfschen — Tool use in wrasses ",Crab,,Peter Wirtz (https://www.notion.so/Peter-Wirtz-e19460cc3db84745928f293283f86e0d?pvs=21),1996,,Mediterranean rainbow wrasse,"Eastern Atlantic,Mediterranean",42.48,3.13,Description in a paper on anvil use