﻿Observation,Contacted,📗 Species,📕 Paper,Video,Video used for social media,Video name,Video.name.Youtube,Video posted on Youtube,URL,Date contact,Observer,Email,Name associated with their obs,Ichthyologist?,📗 Common name,Species used by observer if different scientific name,ID fish,Species info source,Fish life stage,Fish life stage info source,Level.of.evidence,Type,📍,Location more general,Approx_lat,Approx_long,Date observation,Prey,Prey info source,Anvil,Anvil info source,Video analysis,Anvil use info source,Successful anvil use,All anvil use captured,Duration event,# anvils,# anvil stays,# anvil stays with fish around,# anvil changes,# anvil changes with fish around,Nb of strikes,Striking points,Preferred side to strike,Side striked,Other fish around anvils,Fish chasing other fish,Fish being chased by other fish,Species of fish around,# of times prey dropped,# of times prey spit,ID
Halichoeres iridis — Youtube video,no,Halichoeres iridis (https://www.notion.so/Halichoeres-iridis-a00d2530b1324b6084ff1817ff968288?pvs=21),,downloaded,not usable,Iridis Wrasse Cracking a Snail,Iridis Wrasse Cracking a Snail,yes,https://www.youtube.com/watch?v=dPPWF9JexXc&ab_channel=GilChen,"September 12, 2024",,,,video provided,Rainbow wrasse,Iridis Wrasse,TBD,TBD,TBD,TBD,Video of one individual in an aquarium,Aquarium,Private aquarium,Private aquarium,,,,Snail,"observer, video",Rock,video,Not done yet,,,,,,,,,,,,,,,,,,,,OBS-68
Halichoeres chrysus — Youtube video,no,Halichoeres chrysus (https://www.notion.so/Halichoeres-chrysus-cba28f73075f48158c2d73662f7cc4d3?pvs=21),,downloaded,not usable,Yellow Coris Wrasse Super intelligent Fish,Yellow Coris Wrasse Super intelligent Fish,yes,https://www.youtube.com/watch?v=rpa71RuvTb4&ab_channel=AlessioC,"September 12, 2024",,,,video provided,Canary wrasse,Yellow Coris Wrasse,TBD,TBD,TBD,TBD,Video of one individual in an aquarium,Aquarium,Private aquarium,Private aquarium,,,,,,,,Not done yet,,,,,,,,,,,,,,,,,,,,OBS-67
Thalassoma rueppellii — Youtube video,no,Thalassoma rueppellii (https://www.notion.so/Thalassoma-rueppellii-6ca5ee51c0c74741a189967d39d4c378?pvs=21),,downloaded,no,"Very smart Klunzinger's wrasse (Thalassoma rueppellii), Rüppell's wrasse bashes the sea urchin","Very smart Klunzinger's wrasse (Thalassoma rueppellii), Rüppell's wrasse bashes the sea urchin",yes,https://www.youtube.com/watch?v=GIn399jERgg&t=11s,"September 12, 2024",,,,video provided,Klunzinger's wrasse,Klunzinger's wrasse (Thalassoma rueppellii),TBD,TBD,TBD,TBD,Video of one individual at one location,Aquarium,Sharm El-Sheikh Red Sea,Sharm El-Sheikh. Egypt. Red Sea,27.92,34.33,,,,,,Not done yet,,,,,,,,,,,,,,,,,,,,OBS-66
Halichoeres melanurus — Youtube video,no,Halichoeres melanurus (https://www.notion.so/Halichoeres-melanurus-880917aac4e346479151a4f2446d3203?pvs=21),,downloaded,not usable,Melanurus Wrasse Using Rock to Break Food Apart,Melanurus Wrasse Using Rock to Break Food Apart,yes,https://www.youtube.com/watch?v=x8mBdnBWo40&ab_channel=NoblethePuppy,"September 12, 2024",,,,video provided,Tail-spot wrasse,Melanurus Wrasse,TBD,TBD,Initial phase,video,Video of one individual in an aquarium,Aquarium,Private aquarium,Private aquarium,,,,,,"Gastropod shell, Rock",video,Not done yet,,,,,,,,,,,,,,,,,,,,OBS-65
Halichoeres radiatus — Mariana Ughini Goldschmidt,yes through another person,Halichoeres radiatus (https://www.notion.so/Halichoeres-radiatus-1edf374ca1904a8490d0185484099edb?pvs=21),,downloaded,no,H_radiatus_Fernando_noronha_tool_use_Mariana_Goldschmidt rotated,Tool use by a puddingwife wrasse in Fernando de Noronha island #1,yes,https://youtu.be/qz6oSa4MJmU?si=Gn30uZykb6Vxle95,"August 2, 2024",Mariana U. Goldschmidt,/ contact through Sergio,yes,video provided,Puddingwife wrasse,/,sure - video,"observer, video",Initial phase,video,Video of one individual at one location,Wild,"large tide pool called ""Abreus"" in Fernando de Noronha island",Fernando de Noronha island. Brazil. West Atlantic Ocean,-3.89,-32.43,2024 Mar 09,Crab,video,"Rock, Rock platform",video,Done,video,no info,Left- and right-censored,> 14,≥ 2,3,3,2,2,≥ 6,(1) 1SP-1S 2SP-1S 3SP-1S; (2) 1SP-2S; (1) 4SP-1S,Both sides used,"2RL, 4LR",Yes,No,No,"Acanthuridae, Pomacentridae, Same species, Thalassoma noronhanum",3,1,OBS-64
Pseudocheilinus ocellatus — James Wong,waiting response,Pseudocheilinus ocellatus (https://www.notion.so/Pseudocheilinus-ocellatus-bcabd86380614473b9ed9bfdc6dc7997?pvs=21),,no video,no video,no video,no video,no video,no video,"July 19, 2024",James Wong,james.wong1@uon.edu.au,waiting response,yes,Whitebarred pink wrasse,Mystery wrasse,sure - observer ichthyologist,observer,Adult,observer,Description of one individual at one location,Aquarium,Private aquarium,Private aquarium,,,2022,Hermit crab,observer,Rock,observer,no video,observer,Yes,no info,no info,1,no info,no info,no info,no info,no info,no info,no info,,no info,no info,no info,/,no info,no info,OBS-63
Halichoeres bivittatus — C.E. O'Brien (5),yes more info,Halichoeres bivittatus (https://www.notion.so/Halichoeres-bivittatus-388fec9545104e2d9663ccaa29fd8dbd?pvs=21),,downloaded,no,wrasse whacking snail march 8 2020,Tool use by a slippery dick fish in South Caicos Island #5,yes,https://youtu.be/5df1YQI4XxM,"June 23, 2024",C.E. O’Brien,ceobrien5@gmail.com,yes,video provided,Slippery dick,/,sure - video,observer,"Adult (Initial, intermediate or terminal phase)","observer, video",Video of one individual at one location,Wild,"Cockburn Harbour, South Caicos",Cockburn Harbour. Turks and Caicos Islands. West Atlantic Ocean,21.46,-71.5,2020 Mar 08,Gastropod,observer,"Rock platform, Rubbles","observer, video",Done,video,no info,Left- and right-censored,> 172,≥ 3,6,6,2,2,≥ 9,(1) 1SP-1S; (2) 1SP-4S; (3) 1SP-3S,Both sides used,"6RL, 3RL",Yes,Yes,Yes,Same species,1,1,OBS-62
Halichoeres poeyi — Carlos Ferreira,yes more info,Halichoeres poeyi (https://www.notion.so/Halichoeres-poeyi-493feed590464560a36bf33235cb466e?pvs=21),,downloaded,for later,Hal poe usando ferramenta.MOV,Tool use by a blackhear wrasse in Arraial do Cabo #1,yes,https://youtu.be/VvYWpbbV4kY,"April 15, 2024",Carlos E. L. Ferreira,/ contact through Sergio,yes,video provided,Blackear wrasse,/,sure - video,observer,Juvenile or initial phase,video,Video of one individual at one location,Wild,Arraial do Cabo. Brazil. West Atlantic Ocean,Arraial do Cabo. Brazil. West Atlantic Ocean,-22.97,-42.02,2024 Apr 13,Mollusc,video,Rock,"observer, video",Done,video,no info,Left- and right-censored,> 27,≥ 1,6,6,0,0,≥ 7,(1) 1SP-7S,Both sides used,"4RL, 3LR",Yes,Yes,,"Pomacanthidae, Same species, Serranidae",0,4,OBS-53
Halichoeres garnoti — literature Wainwright 1998,yes more info,Halichoeres garnoti (https://www.notion.so/Halichoeres-garnoti-98321ae724604666872cd6a8b8b842d3?pvs=21),"Wainwright 1998 — Halichoeres maculipinna (https://www.notion.so/Wainwright-1998-Halichoeres-maculipinna-aed4899e1f4c477b8e0678701aa9e804?pvs=21), Wainwright 1998 — Halichoeres garnoti (https://www.notion.so/Wainwright-1998-Halichoeres-garnoti-0967355d0a5946528279574d7da5ef20?pvs=21), Wainwright 1998 — Halichoeres bivittatus (https://www.notion.so/Wainwright-1998-Halichoeres-bivittatus-3207823d36b14d9e843786d249e7d940?pvs=21)",no video,no video,no video,no video,no video,no video,"September 21, 2023",Peter Wainwright,pcwainwright@ucdavis.edu,literature,yes,Yellowhead wrasse,/,sure - observer ichthyologist,observer,no info,no info,Description of multiple individuals at one location,Induced and Wild,"Laboratory and wild at Carrie Bow Cay, Smithsonian Institution's field station, Belize, Caribbean Sea",Carrie Bow Cay. Belize. Caribbean Sea,16.8,-88.1,1986-1987,Crab,observer,Rock,observer,no video,observer,Yes,no info,no info,no info,no info,no info,no info,no info,no info,no info,no info,no info,no info,no info,no info,/,no info,no info,OBS-56
Halichoeres bivittatus — literature Wainwright 1998,yes more info,Halichoeres bivittatus (https://www.notion.so/Halichoeres-bivittatus-388fec9545104e2d9663ccaa29fd8dbd?pvs=21),"Wainwright 1998 — Halichoeres maculipinna (https://www.notion.so/Wainwright-1998-Halichoeres-maculipinna-aed4899e1f4c477b8e0678701aa9e804?pvs=21), Wainwright 1998 — Halichoeres garnoti (https://www.notion.so/Wainwright-1998-Halichoeres-garnoti-0967355d0a5946528279574d7da5ef20?pvs=21), Wainwright 1998 — Halichoeres bivittatus (https://www.notion.so/Wainwright-1998-Halichoeres-bivittatus-3207823d36b14d9e843786d249e7d940?pvs=21)",no video,no video,no video,no video,no video,no video,"September 21, 2023",Peter Wainwright,pcwainwright@ucdavis.edu,literature,yes,Slippery dick,/,sure - observer ichthyologist,observer,no info,no info,Description of multiple individuals at one location,Induced and Wild,"Laboratory and wild at Carrie Bow Cay, Smithsonian Institution's field station, Belize, Caribbean Sea",Carrie Bow Cay. Belize. Caribbean Sea,16.8,-88.1,1986-1987,Crab,observer,Rock,observer,no video,observer,Yes,no info,no info,no info,"no info ",no info,no info,no info,no info,no info,no info,no info,no info,no info,no info,/,no info,no info,OBS-55
Halichoeres maculipinna — literature Wainwright 1998,yes more info,Halichoeres maculipinna (https://www.notion.so/Halichoeres-maculipinna-469a18e468504792bb2c9f99abc9d2a9?pvs=21),"Wainwright 1998 — Halichoeres maculipinna (https://www.notion.so/Wainwright-1998-Halichoeres-maculipinna-aed4899e1f4c477b8e0678701aa9e804?pvs=21), Wainwright 1998 — Halichoeres garnoti (https://www.notion.so/Wainwright-1998-Halichoeres-garnoti-0967355d0a5946528279574d7da5ef20?pvs=21), Wainwright 1998 — Halichoeres bivittatus (https://www.notion.so/Wainwright-1998-Halichoeres-bivittatus-3207823d36b14d9e843786d249e7d940?pvs=21)",no video,no video,no video,no video,no video,no video,"September 21, 2023",Peter Wainwright,pcwainwright@ucdavis.edu,literature,yes,Clown wrasse,Halichoeres maculipinna,sure - observer ichthyologist,observer,no video,no info,Description of one individual at one location,Induced,"Laboratory, wrasses from Carrie Bow Cay, Belize",Carrie Bow Cay. Belize. Caribbean Sea,16.8,-88.1,1986-1987," Mithrax sculptus and Portunus crabs",observer,Rock,,,observer,,no info,no info,no info,no info,no info,no info,no info,no info,no info,no info,,no info,no info,no info,/,no info,no info,OBS-54
Halichoeres poeyi — Alfie Carvalho-Filho book 1993,yes more info,Halichoeres poeyi (https://www.notion.so/Halichoeres-poeyi-493feed590464560a36bf33235cb466e?pvs=21),,no video,no video,no video,no video,no video,no video,"September 14, 2023",Alfredo Carvalho-Filho,alfie@telnet.com.br,yes,yes,Blackear wrasse,/,sure - observer ichthyologist,observer,"Juvenile, initial and terminal phases",observer,Description of multiple individuals at one location,Wild,Meros Island. Brazil. West Atlantic Ocean,Meros Island. Brazil. West Atlantic Ocean,-23.22,-44.1,1991-1996,Crab,observer,Rock,observer,no video,observer,Yes,no info,no info,no info,no info,no info,no info,no info,no info,no info,no info,no info,Yes,no info,no info,Same species,no info,no info,OBS-50
Halichoeres penrosei — Alfie Carvalho-Filho,yes more info,Halichoeres penrosei (https://www.notion.so/Halichoeres-penrosei-5566cbc6cc3440ec97a5da9401efe58d?pvs=21),,no video,no video,no video,no video,no video,no video,"September 14, 2023",Alfredo Carvalho-Filho,alfie@telnet.com.br,waiting response,yes,No vernacular name :(,Halichoeres penrosei (maculipinna at that time),sure - observer ichthyologist,observer,"females, males, and smaller specimens, so all phases",observer,Description of one individual at one location,Wild,"Meros Island, Parati, Brazil",Meros Island. Brazil. West Atlantic Ocean,-23.2,-44.62,1991-1996,Crab,observer,Rock,observer,no video,observer,no info,no info,no info,no info,no info,no info,no info,no info,no info,no info,no info,,no info,no info,no info,/,no info,no info,OBS-49
Halichoeres brasiliensis — Alfie Carvalho-Filho,yes more info,Halichoeres brasiliensis (https://www.notion.so/Halichoeres-brasiliensis-32b0dec07a474021bf00549e5fab9204?pvs=21),,no video,no video,no video,no video,no video,no video,"September 14, 2023",Alfredo Carvalho-Filho,alfie@telnet.com.br,waiting response,yes,Brazilian wrasse,/,sure - observer ichthyologist,observer,no info,no info,Description of multiple individuals at one location,Wild,"Meros Island, Parati, Brazil",Meros Island. Brazil. West Atlantic Ocean,-23.22,-44.1,1991-1996,Crab,observer,Rock,observer,no video,observer,Yes,no info,no info,no info,no info,no info,no info,no info,no info,no info,no info,no info,no info,no info,no info,/,no info,no info,OBS-48
Bodianus rufus — Luiz Rocha,yes more info,Bodianus rufus (https://www.notion.so/Bodianus-rufus-859419f612944a7dbd27009282f35e34?pvs=21),,pictures,no video,no video,no video,no video,no video,"September 8, 2023",Luiz Rocha,rochal@naos.si.edu; lrocha@calacademy.org,yes,yes,Spanish hogfish,Bodianus rufus,sure - observer ichthyologist,observer,Adult,observer,Description of one individual at one location,Wild,Cancun,Cancun. Mexico. Caribbean Sea,21.16,-86.85," 2023 Sept",crab,observer,Rock,observer,no video,observer,no info,no info,no info,no info,no info,no info,no info,no info,no info,no info,no info,,no info,no info,no info,/,no info,no info,OBS-47
Halichoeres brasiliensis — Thiago Fiuza (2),yes more info,Halichoeres brasiliensis (https://www.notion.so/Halichoeres-brasiliensis-32b0dec07a474021bf00549e5fab9204?pvs=21),,downloaded,for later,@video_halichoeres_brasiliensis_santa_catarina_urchin2_tool.mov,Tool use by a Brazilian wrasse in Santa Catarina #2,yes,https://youtu.be/ywPnfdCu1kU,"July 30, 2023",Thiago M. J. Fiuza,/ contact through Sergio,yes,video provided,Brazilian wrasse,/,sure - video,observer,Terminal phase,"observer, video",Video of one individual at one location,Wild,"Arvoredo Island, Santa Catarina, south Brazil",Arvoredo Island. Brazil. West Atlantic Ocean,-27.29,-48.38,2019 Oct 27,Unknown,video,Rock,video,Done,video,No prey abandoned,Left-censored,> 13,≥ 2,0,0,1,0,≥ 2,(1) 1SP-1S; (2) 1SP-1S,Both sides used,"1RL, 1LR",No,no info,,/,0,2,OBS-60
Halichoeres brasiliensis — Luisa Fagundes (2),yes more info,Halichoeres brasiliensis (https://www.notion.so/Halichoeres-brasiliensis-32b0dec07a474021bf00549e5fab9204?pvs=21),,downloaded,for later,@video_halichoeres_brasiliensis_trindade_island_urchin2_tool.mp4,Tool use by a Brazilian wrasse in Trindade Island #2,yes,https://youtu.be/PPJrm58DsOw,"July 30, 2023",Luisa Fagundes,/ contact through Sergio,yes,video provided,Brazilian wrasse,/,sure - video,observer,Terminal phase,"observer, video",Video of one individual at one location,Induced,offshore of Trindade island,Trindade. Brazil. West Atlantic Ocean.,-20.51,-29.33,2018,Urchin,video,Rock platform,video,Done,video,no info,Right-censored,> 23,≥ 1,3,2,0,1,≥ 3,(1) 1SP-1S 2SP-1S 3SP-1S,Both sides used,"1RL, 1LR",Yes,No,,"Balistidae, Carangidae, Serranidae",1,0,OBS-59
Halichoeres brasiliensis — Luisa Fagundes (1),yes more info,Halichoeres brasiliensis (https://www.notion.so/Halichoeres-brasiliensis-32b0dec07a474021bf00549e5fab9204?pvs=21),,downloaded,for later,@video_halichoeres_brasiliensis_trindade_island_urchin1_tool.mp4,Tool use by a Brazilian wrasse in Trindade Island #1,yes,https://youtu.be/ugFFazd4EQY,"July 30, 2023",Luisa Fagundes,/ contact through Sergio,yes,video provided,Brazilian wrasse,/,sure - video,observer,Terminal phase,"observer, video",Video of one individual at one location,Induced,offshore of Trindade island,Trindade. Brazil. West Atlantic Ocean.,-20.51,-29.33,2018,Urchin,"observer, video",Rock platform,video,Done,video,no info,Right-censored,Only one strike on video,Only one strike on video,Only one strike on video,Only one strike on video,Only one strike on video,Only one strike on video,Only one strike on video,Only one strike on video,Only one strike on video,"1RL, 0LR",Yes,No,,Balistidae,Only one strike on video,Only one strike on video,OBS-46
Halichoeres brasiliensis — Thiago Fiuza (1),yes more info,Halichoeres brasiliensis (https://www.notion.so/Halichoeres-brasiliensis-32b0dec07a474021bf00549e5fab9204?pvs=21),,downloaded,for later,@video_halichoeres_brasiliensis_santa_catarina_urchin1_tool.mp4,Tool use by a Brazilian wrasse in Santa Catarina #1,yes,https://youtu.be/UHt6EOoLpGQ,"July 30, 2023",Thiago M. J. Fiuza,/ contact through Sergio,yes,video provided,Brazilian wrasse,/,sure - video,observer,Terminal phase,"observer, video",Video of one individual at one location,Wild,"Arvoredo Island, Santa Catarina, south Brazil",Arvoredo Island. Brazil. West Atlantic Ocean,-27.29,-48.38,2019 Oct 27,Urchin,observer,Rock,video,Done,video,Yes,Left-censored,> 43,≥ 3,1,0,3,0,≥ 4,(1) 1SP-1S; (2) 1SP-1S; (3) 1SP-1S 2SP-1S,Both sides used,"3RL, 1LR",No,no info,,/,1,2,OBS-45
Bodianus pulchellus — Sergio Floeter & Jaqueline Toledo,yes more info,Bodianus pulchellus (https://www.notion.so/Bodianus-pulchellus-244321de4c3f4b1ebe310e7487b81adb?pvs=21),,not sent by the participant,for later,TBA,TBA,TBD,TBD,"July 30, 2023",Sergio Floeter & Jaqueline Toledo,sergiofloeter@gmail.com; jaqueline.g.toledo@gmail.com,yes,video provided,Spotfin hogfish,,sure - observer ichthyologist,observer,TBD ask Sergio and Jaqueline,video,Video of one individual at one location,Wild,"Arraial do Cabo, Rio de Janeiro",Arraial do Cabo. Brazil. West Atlantic Ocean,-22.97,-42.02,Asked Sergio and Jacqueline,crab,observer,not asked,,Not done yet,,,,,,,,,,,,,,,,,,,,OBS-43
Halichoeres brasiliensis — Sergio Floeter & Jaqueline Toledo (1),yes more info,Halichoeres brasiliensis (https://www.notion.so/Halichoeres-brasiliensis-32b0dec07a474021bf00549e5fab9204?pvs=21),,downloaded,for later,@video_halichoeres_brasiliensis_arraial_cabo_mollusk_tool.mp4,Tool use by a brazilian wrasse in Arraial do Cabo #1,yes,https://youtu.be/U2kNMlg2xsQ,"July 30, 2023",Jaqueline G. Toledo,sergiofloeter@gmail.com; jaqueline.g.toledo@gmail.com,yes,video provided,Brazilian wrasse,/,sure - observer ichthyologist,observer,Terminal phase,"observer, video",Video of one individual at one location,Wild,"Arraial do Cabo, Rio de Janeiro",Arraial do Cabo. Brazil. West Atlantic Ocean,-22.97,-42.02,2023 Mar 15,Mollusc,observer,Rock,"observer, video",Done,video,Yes,Left-censored,> 20,≥ 2,2,0,1,0,≥ 4,(1) unknown; (2) 1SP-2S,Both sides used,"1RL, 3LR",No,no info,,/,2,0,OBS-41
Halichoeres garnoti — Alejandra Puentes Sayo,yes more info,Halichoeres garnoti (https://www.notion.so/Halichoeres-garnoti-98321ae724604666872cd6a8b8b842d3?pvs=21),,no video,no video,no video,no video,no video,no video,"July 29, 2023",Alejandra Puentes Sayo,ppunetes@unal.edu.co,yes,video provided,Yellowhead wrasse,/,sure - experienced participant,observer,Adult,observer,Description of multiple individuals at one location,Wild,"Natural National Park Tayrona, Santa Marta-Colombia","Natural National Park Tayrona. Colombia. Caribbean sea. ",11.33,-74.15,2017-2023,Mollusc,observer,"Rock, Rubbles",observer,no video,observer,no info,no info,no info,no info,no info,no info,no info,no info,no info,no info,no info,no info,no info,no info,no info,/,no info,no info,OBS-42
Choerodon rubescens — Katherine Cure,yes more info,Choerodon rubescens (https://www.notion.so/Choerodon-rubescens-7067e08eb19f4a04bf6eb3a28566d444?pvs=21),,no video,no video,no video,no video,no video,no video,"July 19, 2023",Katherine Cure,k.cure@aims.gov.au,yes,no,Baldchin groper,Choerodon rubescens,sure - observer ichthyologist,observer,no info,no info,Description of one individual at one location,Wild,"Coral Bay, Western Australia",Coral Bay. Australia. East Indian Ocean.,-23.14,113.77,2012-2014,Shells,observer,Unknown,observer,no video,no info,no info,no info,no info,no info,no info,no info,no info,no info,no info,no info,no info,,no info,no info,no info,/,no info,no info,OBS-40
Notolabrus tetricus — John Smith,yes more info,Notolabrus tetricus (https://www.notion.so/Notolabrus-tetricus-607fe7e7306e4c8c825fa73276cd1598?pvs=21),,downloaded,yes,bluethroat with snail.mp4,TBD,TBD,TBD,"July 19, 2023",John Smith,jmsm37@dodo.com.au,yes,no,Bluethroat wrasse,Notolabrus tetricus,TBD,"observer, video",TBD,TBD,Video of one individual at one location,Wild,"Waubs Bay, Bicheno, Tasmania",Waubs Bay. Australia. South Pacific Ocean,-41.87,148.3,Unknown,Snail,observer,TBD,TBD,Not done yet,TBD,TBD,TBD,TBD,TBD,TBD,TBD,TBD,TBD,TBD,TBD,TBD,,TBD,TBD,TBD,TBD,TBD,TBD,OBS-39
Halichoeres garnoti — C.E O’Brien,yes more info,Halichoeres garnoti (https://www.notion.so/Halichoeres-garnoti-98321ae724604666872cd6a8b8b842d3?pvs=21),,downloaded,yes,brittle star ripped apart 2,Tool use by a yellowhead wrasse in South Caicos Island #1,yes,https://youtu.be/p-GFBcoAByg,"June 28, 2023",C.E. O’Brien,ceobrien5@gmail.com,yes,video provided,Yellowhead wrasse,/,sure - video,"observer, video",Third intermediate phase as described in Roede 1972,video,Video of one individual at one location,Wild,"Cockburn Harbour, South Caicos",Cockburn Harbour. Turks and Caicos Islands. West Atlantic Ocean,21.46,-71.53,2023 Jun 10,Brittle star,"observer, video","Live gastropod, Rubbles","observer, video",Done,video,Yes,Left-censored,> 80,≥ 7,1,1,6,4,≥ 8,(1) 1SP-1S; (2) 1SP-1S; (3) 1SP-1S; (4) 1SP-1S; (5) 1SP-1S; (6) 1SP-1S 2SP-1S; (7) 1SP-1S,Both sides used,"5Rl, 3LR",Yes,No,No,"Halichoeres bivittatus, Lutjanidae, Pomacentridae, Thalassoma bifasciatum",3,4,OBS-37
Choerodon cephalotes — Danny Christensen,yes more info,Choerodon cephalotes (https://www.notion.so/Choerodon-cephalotes-272f45b7a35a46b691397c6fd7b5a9a8?pvs=21),,downloaded,no,many videos,TBD,TBD,TBD,"May 11, 2023",Danny Christensen,/ waiting for his response,waiting response,video provided,Purple tuskfish,grass(purple) tuskfish,sure - observer aquarium manager,"observer, video",TBD,TBD,Video of one individual in an aquarium,Aquarium,Exmouth,Public aquarium,,,"2024 Feb ",TBD,TBD,TBD,TBD,Not done yet,TBD,TBD,TBD,TBD,TBD,TBD,TBD,TBD,TBD,TBD,TBD,TBD,,TBD,TBD,TBD,TBD,TBD,TBD,OBS-34
Pseudolabrus luculentus — Louise de Beuzeville,yes more info,Pseudolabrus luculentus (https://www.notion.so/Pseudolabrus-luculentus-69840d1d080b4fb4bf09f0da07877bd1?pvs=21),,downloaded,no,P4222202.mov; P4222209.mov; P4222225.mov; P4222226.mov; P4222230.mov; P4222231.mov; P4222264.mov; P4222265.mov,TBD,TBD,TBD,"May 8, 2023",Louise de Beuzeville,Louise.deBeuzeville@nextsense.org.au,yes,video provided,Orange wrasse,Pseudolabrus luculentus,sure - video,observer,TBD,TBD,Video of one individual at one location,Wild,Lord Howe Island,Lord Howe Island. Australia. West Pacific Ocean,-31.55,159.08,Ask Louise after video analysis,Crab,"observer, video",TBD,TBD,Not done yet,TBD,TBD,TBD,TBD,TBD,TBD,TBD,TBD,TBD,TBD,TBD,TBD,,TBD,TBD,TBD,TBD,TBD,TBD,OBS-44
Novaculichthys taeniourus — Charlene - Dive Spirit Mauritius,yes more info,Novaculichthys taeniourus (https://www.notion.so/Novaculichthys-taeniourus-e1c723e38ed64d668899b98600ea26e8?pvs=21),,no video,no video,no video,no video,no video,no video,"May 6, 2023",Dive Spirit Mauritius,divespiritmauritius@gmail.com,yes,no,Rockmover wrasse,rockmover wrasse,not sure,observer,no info,no info,Description of one individual at one location,Wild,many dive sites in the north of Mauritius so you could just say in the Trou aux Biches area,Trou aux Biches. Mauritius. West Indian Ocean,-20.05,57.55,Unknown,Unknown,observer,Unknown,observer,no video,observer,no info,no info,no info,no info,no info,no info,no info,no info,no info,no info,no info,,no info,no info,no info,/,no info,no info,OBS-36
Balistoides viridescens — Charlene - Dive Spirit Mauritius,yes more info,Balistoides viridescens (https://www.notion.so/Balistoides-viridescens-525d6e3e30714d0794634daf73d784af?pvs=21),,no video,no video,no video,no video,no video,no video,"May 6, 2023",Dive Spirit Mauritius,divespiritmauritius@gmail.com,yes,no,Titan triggerfish,Titan triggerfish,not sure,observer,no info,no info,Description of one individual at one location,Wild,many dive sites in the north of Mauritius so you could just say in the Trou aux Biches area,Trou aux Biches. Mauritius. West Indian Ocean,-20.05,57.55,Unknown,Molluscs,observer,Unknown,observer,no video,no info,no info,no info,no info,no info,no info,no info,no info,no info,no info,no info,no info,,no info,no info,no info,/,no info,no info,OBS-35
Choerodon anchorago — Millie Clarke,yes more info,Choerodon anchorago (https://www.notion.so/Choerodon-anchorago-e7388ebef227402fbe4f5601d3a304ea?pvs=21),,no video,no video,no video,no video,no video,no video,"April 26, 2023",Millie Clarke,js18496@bristol.ac.uk,waiting response,no,Orange-dotted tuskfish,Choerodon anchorago,not sure,observer,no info,no info,Description of one individual at one location,Wild,Green Island,Green Island. Australia. West Pacific Ocean,-16.76,145.97,2023,little clam shell,observer,Rock,observer,no video,observer,no info,no info,no info,no info,no info,no info,no info,no info,no info,no info,no info,,no info,no info,no info,/,no info,no info,OBS-31
Notolabrus gymnogenis — Juju,no need,Notolabrus gymnogenis (https://www.notion.so/Notolabrus-gymnogenis-684134ad8086475a925a8ad88388748f?pvs=21),,downloaded,no,P4040629 trim male Crimson Banded Wrasse trying to crack a pipie on a rock,TBD,TBD,TBD,"April 4, 2023",Juliette Tariel-Adam,/,yes,yes,Crimson banded wrasse,Notolabrus gymnogenis,sure - video,"observer, video",Terminal phase,observer,Video of one individual at one location,Induced,"Shelly Beach, Sydney",Sydney. Australia. South Pacific Ocean,-33.87,151.21,2023 April 04,Pipi,observer,Rock,observer,Not done yet,video,,,,,,,,,,,,,,,,,,,OBS-52
Pseudolabrus luculentus — Susan Prior (2),yes more info,Pseudolabrus luculentus (https://www.notion.so/Pseudolabrus-luculentus-69840d1d080b4fb4bf09f0da07877bd1?pvs=21),,downloaded,no,Luculent_wrasse_tools.mp4,TBD,TBD,TBD,"March 31, 2023",Susan Prior,susan@write-now.com.au,yes,no,Orange wrasse,luculent wrasse,sure - experienced participant,observer,young adult,observer,Video of one individual at one location,Wild,"Norfolk Island, Emily Bay again, in the shallows on the Lone Pine (easterly) side of the bay",Norfolk Island. Australia. West Pacific Ocean,-29.06,167.96,2023 April 10,Small crab,observer,Rock,observer,Not done yet,,,,,,,,,,,,,,,,,,,,OBS-30
Cheilinus trilobatus — Eduardo Sampaio,yes thank you,Cheilinus trilobatus (https://www.notion.so/Cheilinus-trilobatus-d89bbab67d6440089e67ef36b568960b?pvs=21),,no video,no video,no video,no video,no video,no video,"March 10, 2023",Eduardo Sampaio,esampaio@ab.mpg.de,yes,yes,Tripletail wrasse,tripletail wrasse,sure - observer ichthyologist,observer,no info,no info,Description of one individual at one location,Wild,"Apogama dive, Okinawa, Japan",Apogama. Japan. West Pacific Ocean.,26.39,127.76,2023 Mar,Clam,observer,Rock,observer,no video,no info,no info,no info,no info,no info,no info,no info,no info,no info,no info,no info,no info,,no info,no info,no info,/,no info,no info,OBS-21
Halichoeres bivittatus — C.E. O'Brien (4),yes more info,Halichoeres bivittatus (https://www.notion.so/Halichoeres-bivittatus-388fec9545104e2d9663ccaa29fd8dbd?pvs=21),,downloaded,no,DSCN9708.mp4,Tool use by a slippery dick fish in South Caicos Island #4,yes,https://youtu.be/bdhtsMtnR54,"March 3, 2023",C.E. O’Brien,ceobrien5@gmail.com,yes,video provided,Slippery dick,Slippery dick,sure - video,"observer, video","Adult (Initial, intermediate or terminal phase)","observer, video",Video of one individual at one location,Wild,"Cockburn Harbour, South Caicos",Cockburn Harbour. Turks and Caicos Islands. West Atlantic Ocean,21.46,-71.53,2024 Feb 16,Hermit crab,observer,"Dead coral, Rock platform, Rubbles","observer, video",Done,video,Yes,Left-censored,> 87,≥ 6,1,0,5,4,≥ 7,(1) 1SP-1S; (2) 1SP-1S; (3) 1SP-1S; (4) 1SP-1S; (5) 1SP-2S; (6) 1SP-1S,Both sides used,"5RL, 2LR",Yes,Yes,No,"Same species, Thalassoma bifasciatum",1,3,OBS-61
Halichoeres bivittatus — C.E. O'Brien (2),yes more info,Halichoeres bivittatus (https://www.notion.so/Halichoeres-bivittatus-388fec9545104e2d9663ccaa29fd8dbd?pvs=21),,downloaded,no,DSCN9561.mp4,Tool use by a slippery dick fish in South Caicos Island #2,yes,https://youtu.be/mxCUQfNPiFw,"March 3, 2023",C.E. O’Brien,ceobrien5@gmail.com,yes,video provided,Slippery dick,Slippery dick,sure - video,observer,"Adult (Initial, intermediate or terminal phase)","observer, video",Video of one individual at one location,Wild,"Cockburn Harbour, South Caicos",Cockburn Harbour. Turks and Caicos Islands. West Atlantic Ocean,21.46,-71.53,2023 Mar 02,Urchin,observer,Rock platform,"observer, video",Done,video,Yes,Left-censored,> 12,≥ 2,1,0,1,0,≥ 3,(1) 1SP-2S; (2) 1SP-1S,Both sides used,"2RL, 1LR",Yes,No,No,Same species,0,0,OBS-25
Halichoeres bivittatus — C.E. O'Brien (3),yes more info,Halichoeres bivittatus (https://www.notion.so/Halichoeres-bivittatus-388fec9545104e2d9663ccaa29fd8dbd?pvs=21),,downloaded,yes,wrasse whacking urchin.mp4,Tool use by a slippery dick fish in South Caicos Island #3,yes,https://youtu.be/WM155TWL3xQ,"March 3, 2023",C.E. O’Brien,ceobrien5@gmail.com,yes,video provided,Slippery dick,Slippery dick,sure - video,"observer, video","Adult (Initial, intermediate or terminal phase)","observer, video",Video of one individual at one location,Wild,"Cockburn Harbour, South Caicos",Cockburn Harbour. Turks and Caicos Islands. West Atlantic Ocean,21.46,-71.53,"2023 Feb 26 ",Urchin,"observer, video","Rock platform, Rubbles","observer, video",Done,video,Yes,Left-censored,> 14,≥ 7,1,1,6,5,≥ 8,"(1) 1SP-1S; (2) 1SP-1S; (3) 1SP-1S; (4) 1SP-1S; (5) 1SP-1S 2SP-1S; (6) 1SP-1S; (7) 1SP-1S ",Both sides used,"2RL, 6LR",Yes,No,No,Same species,3,3,OBS-24
Pseudolabrus guentheri — Juju & Ana at Clifton Gardens,no need,Pseudolabrus guentheri (https://www.notion.so/Pseudolabrus-guentheri-4f0c6f27b23946f1873683b1986ea6b5?pvs=21),,pictures,no video,2023-02-24_Clifton-Gardens_wrasse seen cracking its prey on the pier pile _ Trim.mp4,no video,no video,no video,"February 24, 2023",Juliette Tariel-Adam,/,yes,yes,Günther's wrasse,Gunther's Wrasse - Pseudolabrus guentheri,sure - fish picture,observer,Initial phase,picture,Description of one individual at one location,Wild,Sydney - Clifton Gardens,Sydney. Australia. South Pacific Ocean.,-33.87,151.21,2023 Feb 24,Unknown,observer,Human-made object,observer,no video,no info,no info,no info,no info,no info,no info,no info,no info,no info,no info,no info,no info,,no info,no info,no info,/,no info,no info,OBS-27
Choerodon rubescens — Dan Easton,yes thank you,Choerodon rubescens (https://www.notion.so/Choerodon-rubescens-7067e08eb19f4a04bf6eb3a28566d444?pvs=21),,asked by email,video?,video?,video?,video?,video?,"February 15, 2023",Dan Easton,dan.easton87@gmail.com,waiting response,no,Baldchin groper,Baldchin Groper (Choerodon rubescens),not sure,observer,no info,no info,Description of one individual at one location,Wild,"Snorkel Site ""The Maze"" in Coral Bay, Western Australia",Coral Bay. Australia. East Indian Ocean.,-23.14,113.77,XXXX,Worm in calciulm carbonate encasing,observer,Human-made object,observer,,,,,,,,,,,,,,,,,,,,,OBS-20
Coris bulbifrons — Susan Prior,yes more info,Coris bulbifrons (https://www.notion.so/Coris-bulbifrons-f201a3c53d884f04973c8fbefa756305?pvs=21),,no video,no video,no video,no video,no video,no video,"February 6, 2023",Susan Prior,susan@write-now.com.au,yes,no,Doubleheader,doubleheaders,sure - experienced participant,observer,no info,no info,Description of one individual at one location,Wild,Norfolk Island,Norfolk Island. Australia. West Pacific Ocean,-29.03,167.95,,sea urchin,observer,not asked,observer,no video,observer,no info,no info,no info,no info,no info,no info,no info,no info,no info,no info,no info,,no info,no info,no info,/,no info,no info,OBS-18
"Pseudolabrus luculentus — Susan Prior ",yes more info,Pseudolabrus luculentus (https://www.notion.so/Pseudolabrus-luculentus-69840d1d080b4fb4bf09f0da07877bd1?pvs=21),,downloaded,yes,Luculent_wrasse_tool_1.mp4,no video,TBD,TBD,"February 6, 2023",Susan Prior,susan@write-now.com.au,yes,no,Orange wrasse,luculent wrasse,TBD,"observer, video",TBD,"TBD, video",Video of one individual at one location,Wild,Emily Bay on Norfolk Island,Norfolk Island. Australia. West Pacific Ocean,-29.06,167.96,2021 Jul 21,Crab,observer,"Coral head, Rock",observer,Not done yet,,,,,,,,,,,,,,,,,,,,OBS-17
Thalassoma purpureum —Susan Prior,yes more info,Thalassoma purpureum (https://www.notion.so/Thalassoma-purpureum-a4bb2441b5af4017892cb1b90c1b065a?pvs=21),,pictures,no video,6 Feb 2023 _Thalassoma purpureum - surge wrasse,no video,no video,no video,"February 6, 2023",Susan Prior,susan@write-now.com.au,yes,no,Surge wrasse,surge wrasse,sure - experienced participant,observer,no info,no info,Description of one individual at one location,Wild,Norfolk Island,Norfolk Island. Australia. West Pacific Ocean,-29.03,167.95,2023 Feb 06,Crab,observer,not asked,observer,no video,observer,no info,no info,no info,no info,no info,no info,no info,no info,no info,no info,no info,,Yes,no info,no info,Epinephelus rivulatus,no info,no info,OBS-16
Choerodon cauteroma — David Fairclough,waiting response,Choerodon cauteroma (https://www.notion.so/Choerodon-cauteroma-5fb63cd4811f4b56bd515293af2241d9?pvs=21),,no video,no video,no video,no video,no video,no video,"February 2, 2023",David Fairclough,David.Fairclough@dpird.wa.gov.au,waiting response,yes,Bluespotted tuskfish,Choerodon cauteroma,sure - observer ichthyologist,observer,no info,no info,Description of multiple individuals at one location,Wild,"Shark Bay, Western Australia",Shark Bay. Australia. East Indian Ocean,-25.55,113.77,,,,,observer,no video,observer,no info,no info,no info,no info,no info,no info,no info,no info,no info,no info,no info,,no info,no info,no info,/,no info,no info,OBS-38
Choerodon rubescences — David Fairclough,waiting response,Choerodon rubescens (https://www.notion.so/Choerodon-rubescens-7067e08eb19f4a04bf6eb3a28566d444?pvs=21),,no video,no video,no video,no video,no video,no video,"February 2, 2023",David Fairclough,David.Fairclough@dpird.wa.gov.au,waiting response,yes,Baldchin groper,Choerodon rubescences,sure - observer ichthyologist,observer,no info,no info,Description of multiple individuals at one location,Wild,"Shark Bay, Western Australia",Shark Bay. Australia. East Indian Ocean,-25.55,113.77,,,,,observer,no video,observer,no info,no info,no info,no info,no info,no info,no info,no info,no info,no info,no info,,no info,no info,no info,/,no info,no info,OBS-19
Sébastien Verne & Philippe Chevoleau — Article sur les cichlides,yes thank you,Astronotus ocellatus (https://www.notion.so/Astronotus-ocellatus-107375667b2580deb388d22829c19ee6?pvs=21),,no video,no video,no video,no video,no video,no video,"January 27, 2023",Philippe Chevoleau,sebastien.verne@free.fr; chevoleauphil@orange.fr,yes,no,Oscar,Astronotus ocellatus,sure - experienced participant,observer,no info,no info,Description of one individual at one location,Aquarium,Private aquarium,Private aquarium,,,1994,Betta fish,observer,Rock,observer,no video,observer,Yes,no info,no info,no info,no info,no info,no info,no info,no info,no info,no info,,no info,no info,no info,/,no info,no info,OBS-23
Halichoeres melanurus — @Cossack Neppy,waiting response,Halichoeres melanurus (https://www.notion.so/Halichoeres-melanurus-880917aac4e346479151a4f2446d3203?pvs=21),,no video,no video,no video,no video,no video,no video,"January 27, 2023",Cossack Neppy,/ waiting for his response,waiting response,no,Tail-spot wrasse,Melanurus wrasse,not sure,observer,no info,no info,Description of one individual at one location,Aquarium,Private aquarium,Private aquarium,,,,clams and scallops,observer,Rock,observer,no video,observer,Yes,no info,no info,no info,no info,no info,no info,no info,no info,no info,no info,,no info,no info,no info,/,no info,no info,OBS-1
Choerodon rubescences — David Blakeway,yes thank you,Choerodon rubescens (https://www.notion.so/Choerodon-rubescens-7067e08eb19f4a04bf6eb3a28566d444?pvs=21),,no video,no video,no video even if David field the form “File upload”,no video,no video,no video,"January 11, 2023",David Blakeway,fathom5marineresearch@gmail.com,yes,yes,Baldchin groper,Choerodon rubescens,sure - observer ichthyologist,observer,no info,no info,Description of one individual at one location,Wild,Abrolhos Islands Western Australia (Easter Group),Abrolhos Islands. Australia. East Indian Ocean.,-28.72,113.79,1995-1995,Mollusc,observer,Coral head,observer,no video,observer,no info,no info,no info,no info,no info,no info,no info,no info,no info,no info,no info,,no info,no info,no info,/,no info,no info,OBS-15
Halichoeres bivittatus — C.E. O'Brien (1),yes thank you,Halichoeres bivittatus (https://www.notion.so/Halichoeres-bivittatus-388fec9545104e2d9663ccaa29fd8dbd?pvs=21),,downloaded,yes,slippery dick cracks and eats hermit > Concatenate DSCN8931_Trim and DSCN8932.mp4,Tool use by a slippery dick fish in South Caicos Island #1,yes,https://youtu.be/uzX1ziw2nAk,"January 11, 2023",C.E. O'Brien,ceobrien5@gmail.com,yes,no,Slippery dick,/,sure - video,observer,"Adult (Initial, intermediate or terminal phase)","observer, video",Video of one individual at one location,Wild,"Cockburn Harbour, South Caicos",Cockburn Harbour. Turks and Caicos Islands. West Atlantic Ocean,21.46,-71.5,2022 Nov 09,Hermit crab,observer,Rubbles,"observer, video",Done,video,Yes,Left-censored and one gap in between,> 65,≥ 3,7,7,3,3,≥ 11,(1) 1SP-3S 2SP-5S 3SP-1S; (2) 1SP-1S; (3) 1SP-1S,Both sides used,"7RL, 4LR",Yes,Yes,No,Same species,3,4,OBS-12
Choerodon graphicus — Joseph Gracia (2),yes thank you,Choerodon graphicus (https://www.notion.so/Choerodon-graphicus-0c2e7e096fcc44e79cbd04d1522c8b81?pvs=21),,downloaded,yes,2013-01-23-REPAS DU LABRE BARIOLE (ILE AU MAITRE)_Joseph Gracia.wmv,no video,TBD,TBD,"December 29, 2022",Joseph Gracia,jogca@lagoon.nc,yes,video provided,Graphic tuskfish,Choerodon graphicus,sure - video,"observer, video",TBD,TBD,Video of one individual at one location,Wild,"Ilot Maitre, Nouméa, New Caledonia",Ilot Maitre. New Caledonia. West Pacific Ocean,-22.32,166.39,2013 Jan 23,Bivalve,"observer, video",Rock,"observer, video",Not done yet,,,,,,,,,,,,,,,,,,,,OBS-7
"Pseudobalistes flavimarginatus — Brian Zimmerman ",yes thank you,Pseudobalistes flavimarginatus (https://www.notion.so/Pseudobalistes-flavimarginatus-65dafce864a04dc48483bc20afeeadcb?pvs=21),,no video,no video,no video,no video,no video,no video,"December 20, 2022",Brian Zimmerman,bzimmerman@bzsociety.org.uk,yes,yes,Yellowmargin triggerfish,"Yellow margined triggerfish, Pseudobalistes flavimarginatus",sure - observer ichthyologist,observer,No info,no info,Description of one individual at one location,Aquarium,"in an aquarium setting - in the UK (Underwater World), Farnham, Surrey.",Public aquarium,,,1997/1998,Mollusc,observer,Coral head,observer,no video,observer,no info,no info,no info,no info,no info,no info,no info,no info,no info,no info,no info,,no info,no info,no info,/,no info,no info,OBS-11
Cheilinus — Bridie Allan,yes more info,Cheilinus fasciatus (https://www.notion.so/Cheilinus-fasciatus-1354447525cf412da4e6dea957e13a71?pvs=21),,no video,no video,no video,no video,no video,no video,"December 15, 2022",Bridie Allan,bridie.allan@otago.ac.nz,yes,yes,Red-breasted wrasse,"Cheilinus (fasciatus ?) ",genus sure only,observer,no info,no info,Description of one individual at one location,Wild,Lizard Island,"Lizard Island. Australia. West Pacific Ocean. ",-14.67,145.45,Unknown,Sea urchin,observer,Rock,observer,no video,observer,no info,no info,no info,no info,no info,no info,no info,no info,no info,no info,no info,,no info,no info,no info,/,no info,no info,OBS-6
Achoerodus viridis — Kat Abyss,yes more info,Achoerodus viridis (https://www.notion.so/Achoerodus-viridis-c795863c15864a089e6bf1c9d6af8dc0?pvs=21),,no video,no video,no video,no video,no video,no video,"December 15, 2022",Katrine Mielke,katrinemielke@yahoo.com.au,anonymous,no,Eastern blue groper,Blue groper,sure - species impossible to mistake,observer,Terminal phase,observer,Description of one individual at one location,Wild,Oak Park Sydney,Sydney. Australia. South Pacific Ocean,-33.87,151.21,Unknown,not asked,observer,not asked,observer,no video,observer,no info,no info,no info,no info,no info,no info,no info,no info,no info,no info,no info,,no info,no info,no info,/,no info,no info,OBS-4
Choerodon graphicus — Pauline Fey,yes thank you,Choerodon graphicus (https://www.notion.so/Choerodon-graphicus-0c2e7e096fcc44e79cbd04d1522c8b81?pvs=21),,downloaded,not usable,MVI_0514 - Pauline Fey,no anvil use event on video,no anvil use event on video,no anvil use event on video,"December 6, 2022",Pauline Fey,pauline.fey@gmail.com,yes,video provided,Graphic tuskfish,Choerodon graphicus,sure - video,"observer, video",TBD,TBD,Description of one individual at one location,Wild,"Ilôt Maître, New Caledonia",Ilot Maitre. New Caledonia. West Pacific Ocean,-22.33,166.41,2022 Oct 15,Bivalve,"observer, video",Rock,"observer, video",No anvil use event on video,observer,no info,no info,no info,no info,no info,no info,no info,no info,no info,no info,no info,,no info,no info,no info,/,no info,no info,OBS-14
Achoerodus viridis — Patrick Burke,yes thank you,Achoerodus viridis (https://www.notion.so/Achoerodus-viridis-c795863c15864a089e6bf1c9d6af8dc0?pvs=21),,no video,no video,no video,no video,no video,no video,"November 23, 2022",Patrick Burke,patrick.burke@mq.edu.au,yes,yes,Eastern blue groper,Blue groper,sure - observer ichthyologist,observer,Terminal phase,observer,Description of one individual at one location,Wild,"Shelly Beach, NSW, Australia",Shelly Beach. Australia. South Pacific Ocean,-33.8,151.3,2022 Nov 20,Bivalve,observer,Rock,observer,no video,observer,no info,no info,no info,no info,no info,no info,no info,no info,no info,no info,no info,,no info,no info,no info,/,no info,no info,OBS-10
Choerodon graphicus — Joseph Gracia,yes thank you,Choerodon graphicus (https://www.notion.so/Choerodon-graphicus-0c2e7e096fcc44e79cbd04d1522c8b81?pvs=21),,downloaded,yes,2009-02-09- LABRE BARIOLE (Choerodon graphicus) (CANARDS)_Jospeh-Gracia,TBD,TBD,TBD,"November 23, 2022",Joseph Gracia,jogca@lagoon.nc,yes,video provided,Graphic tuskfish,Choerodon graphicus,sure - video,"observer, video",TBD,TBD,Video of one individual at one location,Wild,"Ile aux Canards, Nouméa, New Caledonia",Ile aux Canards. New Caledonia. West Pacific Ocean,-22.31,166.44,2009 Feb 09,Porcelaine,"observer, video",Human-made object,"observer, video",Not done yet,TBD,,,,,,,,,,,,,,,,,,,OBS-8
Choerodon graphicus — Benoit Raillard,yes more info,Choerodon graphicus (https://www.notion.so/Choerodon-graphicus-0c2e7e096fcc44e79cbd04d1522c8b81?pvs=21),,downloaded,yes,00054_Benoit-Raillard_2019-08-19_phare-amedee,TBD,TBD,TBD,"November 22, 2022",Benoit Raillard,benoit-raillard@hotmail.fr,yes,no,Graphic tuskfish,Choerodon graphicus,sure - video,"observer, video",TBD,TBD,Video of one individual at one location,Wild,"Phare amédée, Nouméa, New Caledonia",Phare Amédée. New Caledonia. West Pacific Ocean,-22.47,166.47,2019 Aug 08,Bivalve,video,Rock,video,Not done yet,,,,,,,,,,,,,,,,,,,,OBS-9
Halichoeres garnoti — literature Jim Coyer 1995,yes more info,Halichoeres garnoti (https://www.notion.so/Halichoeres-garnoti-98321ae724604666872cd6a8b8b842d3?pvs=21),Coyer 1995 (https://www.notion.so/Coyer-1995-f998513759ba4edbb8c8faa255e950c4?pvs=21),no video,no video,no video,no video,no video,no video,"September 2, 2021",Jim Coyer,james.coyer@unh.edu,yes,yes,Yellowhead wrasse,/,sure - observer ichthyologist,observer,Terminal phase,observer,Description of one individual at one location,Wild,"Pinnacle station near the Aquarius Undersea Laboratory on Conch Reef off Key Largo, Florida",Conch Reef. USA. West Atlantic Ocean,24.95,-80.5,1994 Oct 22,Scallop,observer,Rock,observer,no video,observer,Yes,Yes,>180,1,5,5,0,0,6,no info,Head left to right,"0RL, 6LR",Yes,no info,no info,Same species,no info,no info,OBS-58