﻿Observation,Contacted,📗 Species,📕 Paper,Video,Video used for social media,Video name,Video.name.Youtube,Video posted on Youtube,URL,Date contact,Observer,Email,Name associated with their obs,Ichthyologist?,📗 Common name,Species used by observer if different scientific name,ID fish,Species info source,Fish life stage,Fish life stage info source,Level.of.evidence,Type,📍,Location more general,Approx_lat,Approx_long,Date observation,Prey,Prey info source,Anvil,Anvil info source,Video analysis,Anvil use info source,Successful anvil use,All anvil use captured,Duration event,# anvils,# anvil stays,# anvil stays with fish around,# anvil changes,# anvil changes with fish around,Nb of strikes,Striking points,Preferred side to strike,Side striked,Other fish around anvils,Fish chasing other fish,Fish being chased by other fish,Species of fish around,# of times prey dropped,# of times prey spit,ID
Halichoeres radiatus — Mariana Ughini Goldschmidt,yes through another person,Halichoeres radiatus (https://www.notion.so/Halichoeres-radiatus-1edf374ca1904a8490d0185484099edb?pvs=21),,downloaded,no,H_radiatus_Fernando_noronha_tool_use_Mariana_Goldschmidt rotated,Tool use by a puddingwife wrasse in Fernando de Noronha island #1,yes,https://youtu.be/qz6oSa4MJmU?si=Gn30uZykb6Vxle95,"August 2, 2024",Mariana U. Goldschmidt,/ contact through Sergio,yes,video provided,Puddingwife wrasse,/,sure - video,"observer, video",Initial phase,video,Video of one individual at one location,Wild,"large tide pool called ""Abreus"" in Fernando de Noronha island",Fernando de Noronha island. Brazil. West Atlantic Ocean,-3.89,-32.43,2024 Mar 09,Crab,video,"Rock, Rock platform",video,Done,video,no info,Left- and right-censored,> 14,≥ 2,3,3,2,2,≥ 6,(1) 1SP-1S 2SP-1S 3SP-1S; (2) 1SP-2S; (1) 4SP-1S,Both sides used,"2RL, 4LR",Yes,No,No,"Acanthuridae, Pomacentridae, Same species, Thalassoma noronhanum",3,1,OBS-64
Halichoeres bivittatus — C.E. O'Brien (5),yes more info,Halichoeres bivittatus (https://www.notion.so/Halichoeres-bivittatus-388fec9545104e2d9663ccaa29fd8dbd?pvs=21),,downloaded,no,wrasse whacking snail march 8 2020,Tool use by a slippery dick fish in South Caicos Island #5,yes,https://youtu.be/5df1YQI4XxM,"June 23, 2024",C.E. O’Brien,ceobrien5@gmail.com,yes,video provided,Slippery dick,/,sure - video,observer,"Adult (Initial, intermediate or terminal phase)","observer, video",Video of one individual at one location,Wild,"Cockburn Harbour, South Caicos",Cockburn Harbour. Turks and Caicos Islands. West Atlantic Ocean,21.46,-71.5,2020 Mar 08,Gastropod,observer,"Rock platform, Rubbles","observer, video",Done,video,no info,Left- and right-censored,> 172,≥ 3,6,6,2,2,≥ 9,(1) 1SP-1S; (2) 1SP-4S; (3) 1SP-3S,Both sides used,"6RL, 3RL",Yes,Yes,Yes,Same species,1,1,OBS-62
Halichoeres poeyi — Carlos Ferreira,yes more info,Halichoeres poeyi (https://www.notion.so/Halichoeres-poeyi-493feed590464560a36bf33235cb466e?pvs=21),,downloaded,for later,Hal poe usando ferramenta.MOV,Tool use by a blackhear wrasse in Arraial do Cabo #1,yes,https://youtu.be/VvYWpbbV4kY,"April 15, 2024",Carlos E. L. Ferreira,/ contact through Sergio,yes,video provided,Blackear wrasse,/,sure - video,observer,Juvenile or initial phase,video,Video of one individual at one location,Wild,Arraial do Cabo. Brazil. West Atlantic Ocean,Arraial do Cabo. Brazil. West Atlantic Ocean,-22.97,-42.02,2024 Apr 13,Mollusc,video,Rock,"observer, video",Done,video,no info,Left- and right-censored,> 27,≥ 1,6,6,0,0,≥ 7,(1) 1SP-7S,Both sides used,"4RL, 3LR",Yes,Yes,,"Pomacanthidae, Same species, Serranidae",0,4,OBS-53
Halichoeres garnoti — literature Wainwright 1998,yes more info,Halichoeres garnoti (https://www.notion.so/Halichoeres-garnoti-98321ae724604666872cd6a8b8b842d3?pvs=21),"Wainwright 1998 — Halichoeres maculipinna (https://www.notion.so/Wainwright-1998-Halichoeres-maculipinna-aed4899e1f4c477b8e0678701aa9e804?pvs=21), Wainwright 1998 — Halichoeres garnoti (https://www.notion.so/Wainwright-1998-Halichoeres-garnoti-0967355d0a5946528279574d7da5ef20?pvs=21), Wainwright 1998 — Halichoeres bivittatus (https://www.notion.so/Wainwright-1998-Halichoeres-bivittatus-3207823d36b14d9e843786d249e7d940?pvs=21)",no video,no video,no video,no video,no video,no video,"September 21, 2023",Peter Wainwright,pcwainwright@ucdavis.edu,literature,yes,Yellowhead wrasse,/,sure - observer ichthyologist,observer,no info,no info,Description of multiple individuals at one location,Induced and Wild,"Laboratory and wild at Carrie Bow Cay, Smithsonian Institution's field station, Belize, Caribbean Sea",Carrie Bow Cay. Belize. Caribbean Sea,16.8,-88.1,1986-1987,Crab,observer,Rock,observer,no video,observer,Yes,no info,no info,no info,no info,no info,no info,no info,no info,no info,no info,no info,no info,no info,no info,/,no info,no info,OBS-56
Halichoeres bivittatus — literature Wainwright 1998,yes more info,Halichoeres bivittatus (https://www.notion.so/Halichoeres-bivittatus-388fec9545104e2d9663ccaa29fd8dbd?pvs=21),"Wainwright 1998 — Halichoeres maculipinna (https://www.notion.so/Wainwright-1998-Halichoeres-maculipinna-aed4899e1f4c477b8e0678701aa9e804?pvs=21), Wainwright 1998 — Halichoeres garnoti (https://www.notion.so/Wainwright-1998-Halichoeres-garnoti-0967355d0a5946528279574d7da5ef20?pvs=21), Wainwright 1998 — Halichoeres bivittatus (https://www.notion.so/Wainwright-1998-Halichoeres-bivittatus-3207823d36b14d9e843786d249e7d940?pvs=21)",no video,no video,no video,no video,no video,no video,"September 21, 2023",Peter Wainwright,pcwainwright@ucdavis.edu,literature,yes,Slippery dick,/,sure - observer ichthyologist,observer,no info,no info,Description of multiple individuals at one location,Induced and Wild,"Laboratory and wild at Carrie Bow Cay, Smithsonian Institution's field station, Belize, Caribbean Sea",Carrie Bow Cay. Belize. Caribbean Sea,16.8,-88.1,1986-1987,Crab,observer,Rock,observer,no video,observer,Yes,no info,no info,no info,"no info ",no info,no info,no info,no info,no info,no info,no info,no info,no info,no info,/,no info,no info,OBS-55
Halichoeres poeyi — Alfie Carvalho-Filho book 1993,yes more info,Halichoeres poeyi (https://www.notion.so/Halichoeres-poeyi-493feed590464560a36bf33235cb466e?pvs=21),,no video,no video,no video,no video,no video,no video,"September 14, 2023",Alfredo Carvalho-Filho,alfie@telnet.com.br,yes,yes,Blackear wrasse,/,sure - observer ichthyologist,observer,"Juvenile, initial and terminal phases",observer,Description of multiple individuals at one location,Wild,Meros Island. Brazil. West Atlantic Ocean,Meros Island. Brazil. West Atlantic Ocean,-23.22,-44.1,1991-1996,Crab,observer,Rock,observer,no video,observer,Yes,no info,no info,no info,no info,no info,no info,no info,no info,no info,no info,no info,Yes,no info,no info,Same species,no info,no info,OBS-50
Halichoeres brasiliensis — Alfie Carvalho-Filho,yes more info,Halichoeres brasiliensis (https://www.notion.so/Halichoeres-brasiliensis-32b0dec07a474021bf00549e5fab9204?pvs=21),,no video,no video,no video,no video,no video,no video,"September 14, 2023",Alfredo Carvalho-Filho,alfie@telnet.com.br,waiting response,yes,Brazilian wrasse,/,sure - observer ichthyologist,observer,no info,no info,Description of multiple individuals at one location,Wild,"Meros Island, Parati, Brazil",Meros Island. Brazil. West Atlantic Ocean,-23.22,-44.1,1991-1996,Crab,observer,Rock,observer,no video,observer,Yes,no info,no info,no info,no info,no info,no info,no info,no info,no info,no info,no info,no info,no info,no info,/,no info,no info,OBS-48
Halichoeres brasiliensis — Thiago Fiuza (2),yes more info,Halichoeres brasiliensis (https://www.notion.so/Halichoeres-brasiliensis-32b0dec07a474021bf00549e5fab9204?pvs=21),,downloaded,for later,@video_halichoeres_brasiliensis_santa_catarina_urchin2_tool.mov,Tool use by a Brazilian wrasse in Santa Catarina #2,yes,https://youtu.be/ywPnfdCu1kU,"July 30, 2023",Thiago M. J. Fiuza,/ contact through Sergio,yes,video provided,Brazilian wrasse,/,sure - video,observer,Terminal phase,"observer, video",Video of one individual at one location,Wild,"Arvoredo Island, Santa Catarina, south Brazil",Arvoredo Island. Brazil. West Atlantic Ocean,-27.29,-48.38,2019 Oct 27,Unknown,video,Rock,video,Done,video,No prey abandoned,Left-censored,> 13,≥ 2,0,0,1,0,≥ 2,(1) 1SP-1S; (2) 1SP-1S,Both sides used,"1RL, 1LR",No,no info,,/,0,2,OBS-60
Halichoeres brasiliensis — Luisa Fagundes (2),yes more info,Halichoeres brasiliensis (https://www.notion.so/Halichoeres-brasiliensis-32b0dec07a474021bf00549e5fab9204?pvs=21),,downloaded,for later,@video_halichoeres_brasiliensis_trindade_island_urchin2_tool.mp4,Tool use by a Brazilian wrasse in Trindade Island #2,yes,https://youtu.be/PPJrm58DsOw,"July 30, 2023",Luisa Fagundes,/ contact through Sergio,yes,video provided,Brazilian wrasse,/,sure - video,observer,Terminal phase,"observer, video",Video of one individual at one location,Induced,offshore of Trindade island,Trindade. Brazil. West Atlantic Ocean.,-20.51,-29.33,2018,Urchin,video,Rock platform,video,Done,video,no info,Right-censored,> 23,≥ 1,3,2,0,1,≥ 3,(1) 1SP-1S 2SP-1S 3SP-1S,Both sides used,"1RL, 1LR",Yes,No,,"Balistidae, Carangidae, Serranidae",1,0,OBS-59
Halichoeres brasiliensis — Luisa Fagundes (1),yes more info,Halichoeres brasiliensis (https://www.notion.so/Halichoeres-brasiliensis-32b0dec07a474021bf00549e5fab9204?pvs=21),,downloaded,for later,@video_halichoeres_brasiliensis_trindade_island_urchin1_tool.mp4,Tool use by a Brazilian wrasse in Trindade Island #1,yes,https://youtu.be/ugFFazd4EQY,"July 30, 2023",Luisa Fagundes,/ contact through Sergio,yes,video provided,Brazilian wrasse,/,sure - video,observer,Terminal phase,"observer, video",Video of one individual at one location,Induced,offshore of Trindade island,Trindade. Brazil. West Atlantic Ocean.,-20.51,-29.33,2018,Urchin,"observer, video",Rock platform,video,Done,video,no info,Right-censored,Only one strike on video,Only one strike on video,Only one strike on video,Only one strike on video,Only one strike on video,Only one strike on video,Only one strike on video,Only one strike on video,Only one strike on video,"1RL, 0LR",Yes,No,,Balistidae,Only one strike on video,Only one strike on video,OBS-46
Halichoeres brasiliensis — Thiago Fiuza (1),yes more info,Halichoeres brasiliensis (https://www.notion.so/Halichoeres-brasiliensis-32b0dec07a474021bf00549e5fab9204?pvs=21),,downloaded,for later,@video_halichoeres_brasiliensis_santa_catarina_urchin1_tool.mp4,Tool use by a Brazilian wrasse in Santa Catarina #1,yes,https://youtu.be/UHt6EOoLpGQ,"July 30, 2023",Thiago M. J. Fiuza,/ contact through Sergio,yes,video provided,Brazilian wrasse,/,sure - video,observer,Terminal phase,"observer, video",Video of one individual at one location,Wild,"Arvoredo Island, Santa Catarina, south Brazil",Arvoredo Island. Brazil. West Atlantic Ocean,-27.29,-48.38,2019 Oct 27,Urchin,observer,Rock,video,Done,video,Yes,Left-censored,> 43,≥ 3,1,0,3,0,≥ 4,(1) 1SP-1S; (2) 1SP-1S; (3) 1SP-1S 2SP-1S,Both sides used,"3RL, 1LR",No,no info,,/,1,2,OBS-45
Halichoeres brasiliensis — Sergio Floeter & Jaqueline Toledo (1),yes more info,Halichoeres brasiliensis (https://www.notion.so/Halichoeres-brasiliensis-32b0dec07a474021bf00549e5fab9204?pvs=21),,downloaded,for later,@video_halichoeres_brasiliensis_arraial_cabo_mollusk_tool.mp4,Tool use by a brazilian wrasse in Arraial do Cabo #1,yes,https://youtu.be/U2kNMlg2xsQ,"July 30, 2023",Jaqueline G. Toledo,sergiofloeter@gmail.com; jaqueline.g.toledo@gmail.com,yes,video provided,Brazilian wrasse,/,sure - observer ichthyologist,observer,Terminal phase,"observer, video",Video of one individual at one location,Wild,"Arraial do Cabo, Rio de Janeiro",Arraial do Cabo. Brazil. West Atlantic Ocean,-22.97,-42.02,2023 Mar 15,Mollusc,observer,Rock,"observer, video",Done,video,Yes,Left-censored,> 20,≥ 2,2,0,1,0,≥ 4,(1) unknown; (2) 1SP-2S,Both sides used,"1RL, 3LR",No,no info,,/,2,0,OBS-41
Halichoeres garnoti — Alejandra Puentes Sayo,yes more info,Halichoeres garnoti (https://www.notion.so/Halichoeres-garnoti-98321ae724604666872cd6a8b8b842d3?pvs=21),,no video,no video,no video,no video,no video,no video,"July 29, 2023",Alejandra Puentes Sayo,ppunetes@unal.edu.co,yes,video provided,Yellowhead wrasse,/,sure - experienced participant,observer,Adult,observer,Description of multiple individuals at one location,Wild,"Natural National Park Tayrona, Santa Marta-Colombia","Natural National Park Tayrona. Colombia. Caribbean sea. ",11.33,-74.15,2017-2023,Mollusc,observer,"Rock, Rubbles",observer,no video,observer,no info,no info,no info,no info,no info,no info,no info,no info,no info,no info,no info,no info,no info,no info,no info,/,no info,no info,OBS-42
Halichoeres garnoti — C.E O’Brien,yes more info,Halichoeres garnoti (https://www.notion.so/Halichoeres-garnoti-98321ae724604666872cd6a8b8b842d3?pvs=21),,downloaded,yes,brittle star ripped apart 2,Tool use by a yellowhead wrasse in South Caicos Island #1,yes,https://youtu.be/p-GFBcoAByg,"June 28, 2023",C.E. O’Brien,ceobrien5@gmail.com,yes,video provided,Yellowhead wrasse,/,sure - video,"observer, video",Third intermediate phase as described in Roede 1972,video,Video of one individual at one location,Wild,"Cockburn Harbour, South Caicos",Cockburn Harbour. Turks and Caicos Islands. West Atlantic Ocean,21.46,-71.53,2023 Jun 10,Brittle star,"observer, video","Live gastropod, Rubbles","observer, video",Done,video,Yes,Left-censored,> 80,≥ 7,1,1,6,4,≥ 8,(1) 1SP-1S; (2) 1SP-1S; (3) 1SP-1S; (4) 1SP-1S; (5) 1SP-1S; (6) 1SP-1S 2SP-1S; (7) 1SP-1S,Both sides used,"5Rl, 3LR",Yes,No,No,"Halichoeres bivittatus, Lutjanidae, Pomacentridae, Thalassoma bifasciatum",3,4,OBS-37
Halichoeres bivittatus — C.E. O'Brien (4),yes more info,Halichoeres bivittatus (https://www.notion.so/Halichoeres-bivittatus-388fec9545104e2d9663ccaa29fd8dbd?pvs=21),,downloaded,no,DSCN9708.mp4,Tool use by a slippery dick fish in South Caicos Island #4,yes,https://youtu.be/bdhtsMtnR54,"March 3, 2023",C.E. O’Brien,ceobrien5@gmail.com,yes,video provided,Slippery dick,Slippery dick,sure - video,"observer, video","Adult (Initial, intermediate or terminal phase)","observer, video",Video of one individual at one location,Wild,"Cockburn Harbour, South Caicos",Cockburn Harbour. Turks and Caicos Islands. West Atlantic Ocean,21.46,-71.53,2024 Feb 16,Hermit crab,observer,"Dead coral, Rock platform, Rubbles","observer, video",Done,video,Yes,Left-censored,> 87,≥ 6,1,0,5,4,≥ 7,(1) 1SP-1S; (2) 1SP-1S; (3) 1SP-1S; (4) 1SP-1S; (5) 1SP-2S; (6) 1SP-1S,Both sides used,"5RL, 2LR",Yes,Yes,No,"Same species, Thalassoma bifasciatum",1,3,OBS-61
Halichoeres bivittatus — C.E. O'Brien (2),yes more info,Halichoeres bivittatus (https://www.notion.so/Halichoeres-bivittatus-388fec9545104e2d9663ccaa29fd8dbd?pvs=21),,downloaded,no,DSCN9561.mp4,Tool use by a slippery dick fish in South Caicos Island #2,yes,https://youtu.be/mxCUQfNPiFw,"March 3, 2023",C.E. O’Brien,ceobrien5@gmail.com,yes,video provided,Slippery dick,Slippery dick,sure - video,observer,"Adult (Initial, intermediate or terminal phase)","observer, video",Video of one individual at one location,Wild,"Cockburn Harbour, South Caicos",Cockburn Harbour. Turks and Caicos Islands. West Atlantic Ocean,21.46,-71.53,2023 Mar 02,Urchin,observer,Rock platform,"observer, video",Done,video,Yes,Left-censored,> 12,≥ 2,1,0,1,0,≥ 3,(1) 1SP-2S; (2) 1SP-1S,Both sides used,"2RL, 1LR",Yes,No,No,Same species,0,0,OBS-25
Halichoeres bivittatus — C.E. O'Brien (3),yes more info,Halichoeres bivittatus (https://www.notion.so/Halichoeres-bivittatus-388fec9545104e2d9663ccaa29fd8dbd?pvs=21),,downloaded,yes,wrasse whacking urchin.mp4,Tool use by a slippery dick fish in South Caicos Island #3,yes,https://youtu.be/WM155TWL3xQ,"March 3, 2023",C.E. O’Brien,ceobrien5@gmail.com,yes,video provided,Slippery dick,Slippery dick,sure - video,"observer, video","Adult (Initial, intermediate or terminal phase)","observer, video",Video of one individual at one location,Wild,"Cockburn Harbour, South Caicos",Cockburn Harbour. Turks and Caicos Islands. West Atlantic Ocean,21.46,-71.53,"2023 Feb 26 ",Urchin,"observer, video","Rock platform, Rubbles","observer, video",Done,video,Yes,Left-censored,> 14,≥ 7,1,1,6,5,≥ 8,"(1) 1SP-1S; (2) 1SP-1S; (3) 1SP-1S; (4) 1SP-1S; (5) 1SP-1S 2SP-1S; (6) 1SP-1S; (7) 1SP-1S ",Both sides used,"2RL, 6LR",Yes,No,No,Same species,3,3,OBS-24
Halichoeres bivittatus — C.E. O'Brien (1),yes thank you,Halichoeres bivittatus (https://www.notion.so/Halichoeres-bivittatus-388fec9545104e2d9663ccaa29fd8dbd?pvs=21),,downloaded,yes,slippery dick cracks and eats hermit > Concatenate DSCN8931_Trim and DSCN8932.mp4,Tool use by a slippery dick fish in South Caicos Island #1,yes,https://youtu.be/uzX1ziw2nAk,"January 11, 2023",C.E. O'Brien,ceobrien5@gmail.com,yes,no,Slippery dick,/,sure - video,observer,"Adult (Initial, intermediate or terminal phase)","observer, video",Video of one individual at one location,Wild,"Cockburn Harbour, South Caicos",Cockburn Harbour. Turks and Caicos Islands. West Atlantic Ocean,21.46,-71.5,2022 Nov 09,Hermit crab,observer,Rubbles,"observer, video",Done,video,Yes,Left-censored and one gap in between,> 65,≥ 3,7,7,3,3,≥ 11,(1) 1SP-3S 2SP-5S 3SP-1S; (2) 1SP-1S; (3) 1SP-1S,Both sides used,"7RL, 4LR",Yes,Yes,No,Same species,3,4,OBS-12
Halichoeres garnoti — literature Jim Coyer 1995,yes more info,Halichoeres garnoti (https://www.notion.so/Halichoeres-garnoti-98321ae724604666872cd6a8b8b842d3?pvs=21),Coyer 1995 (https://www.notion.so/Coyer-1995-f998513759ba4edbb8c8faa255e950c4?pvs=21),no video,no video,no video,no video,no video,no video,"September 2, 2021",Jim Coyer,james.coyer@unh.edu,yes,yes,Yellowhead wrasse,/,sure - observer ichthyologist,observer,Terminal phase,observer,Description of one individual at one location,Wild,"Pinnacle station near the Aquarius Undersea Laboratory on Conch Reef off Key Largo, Florida",Conch Reef. USA. West Atlantic Ocean,24.95,-80.5,1994 Oct 22,Scallop,observer,Rock,observer,no video,observer,Yes,Yes,>180,1,5,5,0,0,6,no info,Head left to right,"0RL, 6LR",Yes,no info,no info,Same species,no info,no info,OBS-58